Price,Open,High,Low,Close,Volume
Ticker,AMBA,AMBA,AMBA,AMBA,AMBA
Date,,,,,
2020-01-02,61.36000061035156,62.7599983215332,60.540000915527344,62.7599983215332,616800
2020-01-03,61.68000030517578,63.02000045776367,61.5,62.81999969482422,460000
2020-01-06,61.220001220703125,63.349998474121094,61.099998474121094,62.810001373291016,718400
2020-01-07,63.119998931884766,64.5,63.029998779296875,63.68000030517578,552100
2020-01-08,63.68000030517578,64.97000122070312,63.130001068115234,64.58999633789062,837400
2020-01-09,65.0,65.2300033569336,62.36000061035156,62.7599983215332,915500
2020-01-10,63.06999969482422,63.599998474121094,62.220001220703125,62.41999816894531,474900
2020-01-13,62.86000061035156,63.88999938964844,62.59000015258789,63.7599983215332,509300
2020-01-14,63.400001525878906,64.22000122070312,62.84000015258789,64.0199966430664,545100
2020-01-15,63.91999816894531,64.31999969482422,61.65999984741211,62.04999923706055,1259100
2020-01-16,62.59000015258789,63.880001068115234,62.2599983215332,63.45000076293945,721600
2020-01-17,63.72999954223633,63.81999969482422,62.22999954223633,62.689998626708984,476700
2020-01-21,62.27000045776367,62.439998626708984,60.369998931884766,60.38999938964844,553200
2020-01-22,60.93000030517578,61.5099983215332,60.599998474121094,60.95000076293945,388000
2020-01-23,60.91999816894531,61.189998626708984,60.099998474121094,60.75,274600
2020-01-24,61.349998474121094,61.7400016784668,60.209999084472656,60.4900016784668,667400
2020-01-27,58.81999969482422,59.599998474121094,58.29999923706055,58.529998779296875,527400
2020-01-28,58.869998931884766,59.72999954223633,58.61000061035156,58.939998626708984,557700
2020-01-29,59.290000915527344,59.349998474121094,58.06999969482422,58.09000015258789,288300
2020-01-30,61.91999816894531,62.599998474121094,59.619998931884766,61.040000915527344,812800
2020-01-31,60.599998474121094,60.75,58.66999816894531,59.13999938964844,598000
2020-02-03,59.400001525878906,59.90999984741211,58.72999954223633,59.369998931884766,368700
2020-02-04,60.619998931884766,61.5099983215332,59.75,61.400001525878906,398900
2020-02-05,62.400001525878906,63.119998931884766,61.59000015258789,62.81999969482422,441400
2020-02-06,63.189998626708984,63.5,62.150001525878906,63.29999923706055,390200
2020-02-07,63.43000030517578,63.43000030517578,62.27000045776367,62.310001373291016,311000
2020-02-10,61.630001068115234,62.97999954223633,61.470001220703125,62.79999923706055,242400
2020-02-11,63.369998931884766,68.52999877929688,62.77000045776367,67.44999694824219,1079000
2020-02-12,67.44999694824219,73.58999633789062,67.44999694824219,72.56999969482422,1532300
2020-02-13,72.0,73.4000015258789,70.56999969482422,70.8499984741211,601400
2020-02-14,71.41000366210938,71.9000015258789,69.54000091552734,71.5199966430664,403800
2020-02-18,70.0,70.83000183105469,68.08999633789062,69.54000091552734,513200
2020-02-19,70.19000244140625,70.33999633789062,68.44999694824219,69.58000183105469,491100
2020-02-20,69.41999816894531,69.66999816894531,67.62999725341797,69.26000213623047,495900
2020-02-21,68.76000213623047,69.08000183105469,66.62000274658203,67.44999694824219,356000
2020-02-24,64.23999786376953,65.68000030517578,63.0,64.58999633789062,413100
2020-02-25,65.12999725341797,65.33000183105469,62.310001373291016,62.81999969482422,503600
2020-02-26,63.16999816894531,64.69999694824219,61.86000061035156,62.130001068115234,338600
2020-02-27,59.810001373291016,60.9900016784668,58.09000015258789,58.380001068115234,552400
2020-02-28,55.459999084472656,60.040000915527344,55.220001220703125,59.45000076293945,693100
2020-03-02,59.959999084472656,59.959999084472656,58.2400016784668,59.869998931884766,601000
2020-03-03,60.369998931884766,61.790000915527344,58.0,58.11000061035156,820500
2020-03-04,62.150001525878906,62.40999984741211,54.5,55.18000030517578,2518400
2020-03-05,53.810001373291016,54.91999816894531,50.2599983215332,50.77000045776367,1333800
2020-03-06,48.849998474121094,52.369998931884766,48.400001525878906,50.63999938964844,881800
2020-03-09,45.58000183105469,47.65999984741211,43.720001220703125,43.79999923706055,1208600
2020-03-10,45.7599983215332,47.349998474121094,44.83000183105469,47.040000915527344,918100
2020-03-11,45.7400016784668,46.91999816894531,43.279998779296875,43.970001220703125,726500
2020-03-12,40.540000915527344,41.560001373291016,37.970001220703125,39.43000030517578,867600
2020-03-13,41.77000045776367,45.43000030517578,39.86000061035156,45.189998626708984,850300
2020-03-16,40.459999084472656,41.95000076293945,37.34000015258789,37.459999084472656,840700
2020-03-17,37.31999969482422,41.40999984741211,36.02000045776367,41.08000183105469,878500
2020-03-18,38.0,41.63999938964844,37.2599983215332,39.22999954223633,1099600
2020-03-19,38.380001068115234,42.52000045776367,37.5,41.209999084472656,818200
2020-03-20,41.97999954223633,44.02000045776367,40.0,40.310001373291016,725800
2020-03-23,40.790000915527344,42.66999816894531,38.529998779296875,42.5099983215332,667400
2020-03-24,43.79999923706055,47.02000045776367,43.66999816894531,45.709999084472656,590200
2020-03-25,46.310001373291016,49.130001068115234,44.0,46.880001068115234,664100
2020-03-26,49.04999923706055,51.52000045776367,47.709999084472656,50.099998474121094,726000
2020-03-27,47.29999923706055,50.0,47.2599983215332,47.880001068115234,475500
2020-03-30,48.15999984741211,49.689998626708984,46.61000061035156,47.290000915527344,416100
2020-03-31,47.77000045776367,50.689998626708984,47.040000915527344,48.560001373291016,741400
2020-04-01,47.15999984741211,48.810001373291016,46.18000030517578,46.97999954223633,463700
2020-04-02,46.560001373291016,47.400001525878906,45.27000045776367,46.61000061035156,405300
2020-04-03,46.619998931884766,47.540000915527344,44.77000045776367,45.43000030517578,316400
2020-04-06,47.369998931884766,49.22999954223633,46.88999938964844,49.130001068115234,395700
2020-04-07,50.630001068115234,50.810001373291016,46.630001068115234,47.119998931884766,534700
2020-04-08,47.720001220703125,48.43000030517578,47.189998626708984,47.540000915527344,422100
2020-04-09,48.75,49.439998626708984,47.40999984741211,47.720001220703125,568300
2020-04-13,48.0099983215332,49.06999969482422,47.38999938964844,48.650001525878906,296500
2020-04-14,49.68000030517578,50.790000915527344,49.209999084472656,49.689998626708984,498900
2020-04-15,48.150001525878906,48.54999923706055,47.13999938964844,47.959999084472656,347100
2020-04-16,48.029998779296875,48.79999923706055,46.560001373291016,48.220001220703125,327600
2020-04-17,49.33000183105469,49.95000076293945,48.22999954223633,49.25,310300
2020-04-20,49.0,51.31999969482422,48.220001220703125,50.029998779296875,486500
2020-04-21,48.970001220703125,49.880001068115234,48.22999954223633,48.939998626708984,403400
2020-04-22,50.45000076293945,51.470001220703125,49.63999938964844,50.36000061035156,253900
2020-04-23,50.209999084472656,51.150001525878906,49.77000045776367,50.70000076293945,262300
2020-04-24,50.58000183105469,52.150001525878906,50.2599983215332,52.04999923706055,223300
2020-04-27,53.81999969482422,54.720001220703125,52.2400016784668,52.43000030517578,539900
2020-04-28,53.439998626708984,53.900001525878906,52.0099983215332,52.56999969482422,173100
2020-04-29,54.0,56.400001525878906,53.650001525878906,55.720001220703125,478900
2020-04-30,55.0,55.0,52.45000076293945,52.58000183105469,522300
2020-05-01,50.779998779296875,52.400001525878906,47.90999984741211,49.0,468500
2020-05-04,48.63999938964844,49.529998779296875,48.02000045776367,49.529998779296875,331700
2020-05-05,50.45000076293945,51.65999984741211,49.95000076293945,50.400001525878906,169200
2020-05-06,51.2400016784668,52.209999084472656,50.66999816894531,51.38999938964844,186600
2020-05-07,52.11000061035156,52.65999984741211,51.0,52.45000076293945,195700
2020-05-08,53.25,54.86000061035156,53.25,54.75,240900
2020-05-11,54.369998931884766,55.90999984741211,53.86000061035156,54.939998626708984,374800
2020-05-12,56.040000915527344,56.2400016784668,51.900001525878906,51.91999816894531,346700
2020-05-13,52.43000030517578,53.560001373291016,50.88999938964844,51.869998931884766,368800
2020-05-14,51.5099983215332,51.970001220703125,49.380001068115234,51.83000183105469,316500
2020-05-15,50.709999084472656,52.630001068115234,50.02000045776367,52.20000076293945,432400
2020-05-18,53.369998931884766,55.25,53.02000045776367,54.939998626708984,449900
2020-05-19,54.810001373291016,57.72999954223633,54.63999938964844,55.88999938964844,324400
2020-05-20,56.7400016784668,57.93000030517578,56.720001220703125,57.75,305800
2020-05-21,57.7400016784668,58.11000061035156,56.040000915527344,56.54999923706055,218500
2020-05-22,57.0,57.540000915527344,56.36000061035156,57.290000915527344,195700
2020-05-26,58.29999923706055,58.9900016784668,56.08000183105469,56.29999923706055,512900
2020-05-27,57.459999084472656,57.68000030517578,55.369998931884766,57.04999923706055,572800
2020-05-28,56.959999084472656,57.2400016784668,54.72999954223633,55.45000076293945,383400
2020-05-29,55.040000915527344,56.77000045776367,54.220001220703125,56.7400016784668,394600
2020-06-01,57.2400016784668,58.40999984741211,55.66999816894531,57.779998779296875,522300
2020-06-02,58.0,62.150001525878906,57.150001525878906,61.54999923706055,1825100
2020-06-03,58.189998626708984,58.66999816894531,52.90999984741211,53.0,2615600
2020-06-04,53.20000076293945,55.709999084472656,53.0,54.75,913300
2020-06-05,55.709999084472656,56.31999969482422,53.599998474121094,53.68000030517578,748100
2020-06-08,54.36000061035156,54.36000061035156,52.61000061035156,53.599998474121094,594900
2020-06-09,52.84000015258789,55.279998779296875,52.56999969482422,54.869998931884766,450900
2020-06-10,55.25,55.29999923706055,53.650001525878906,54.66999816894531,301500
2020-06-11,53.029998779296875,54.04999923706055,51.25,51.279998779296875,406300
2020-06-12,52.93000030517578,53.0,49.310001373291016,50.54999923706055,539900
2020-06-15,49.5,51.83000183105469,49.130001068115234,51.83000183105469,569200
2020-06-16,53.22999954223633,53.5099983215332,51.189998626708984,51.709999084472656,427400
2020-06-17,52.25,52.400001525878906,51.040000915527344,51.400001525878906,328600
2020-06-18,51.150001525878906,51.20000076293945,49.709999084472656,49.84000015258789,618200
2020-06-19,50.18000030517578,50.849998474121094,48.88999938964844,48.900001525878906,877200
2020-06-22,49.189998626708984,49.459999084472656,48.220001220703125,48.83000183105469,620100
2020-06-23,50.220001220703125,50.650001525878906,48.84000015258789,49.5099983215332,829500
2020-06-24,49.380001068115234,49.81999969482422,47.68000030517578,47.81999969482422,533900
2020-06-25,47.52000045776367,47.810001373291016,45.91999816894531,46.86000061035156,987800
2020-06-26,46.380001068115234,46.72999954223633,44.70000076293945,44.86000061035156,737800
2020-06-29,44.810001373291016,44.9900016784668,43.689998626708984,44.439998626708984,696400
2020-06-30,44.290000915527344,46.150001525878906,44.290000915527344,45.79999923706055,412300
2020-07-01,45.650001525878906,46.029998779296875,44.959999084472656,45.22999954223633,333300
2020-07-02,45.61000061035156,45.97999954223633,45.040000915527344,45.209999084472656,378500
2020-07-06,45.880001068115234,46.900001525878906,45.880001068115234,46.790000915527344,350400
2020-07-07,49.209999084472656,49.779998779296875,47.52000045776367,47.54999923706055,726400
2020-07-08,47.91999816894531,48.29999923706055,46.72999954223633,47.560001373291016,350600
2020-07-09,47.70000076293945,48.63999938964844,46.91999816894531,48.13999938964844,321500
2020-07-10,48.09000015258789,48.619998931884766,47.59000015258789,48.209999084472656,299000
2020-07-13,48.84000015258789,49.060001373291016,46.43000030517578,46.47999954223633,346500
2020-07-14,46.130001068115234,47.65999984741211,45.400001525878906,47.65999984741211,241300
2020-07-15,47.939998626708984,48.13999938964844,46.29999923706055,46.689998626708984,573900
2020-07-16,46.5,47.119998931884766,46.15999984741211,46.88999938964844,288200
2020-07-17,47.220001220703125,47.72999954223633,46.66999816894531,47.369998931884766,343700
2020-07-20,47.36000061035156,48.02000045776367,47.33000183105469,47.959999084472656,342600
2020-07-21,48.130001068115234,48.470001220703125,47.08000183105469,47.27000045776367,259700
2020-07-22,47.290000915527344,47.79999923706055,46.189998626708984,46.33000183105469,246000
2020-07-23,46.38999938964844,46.75,45.119998931884766,45.2599983215332,363100
2020-07-24,44.880001068115234,45.290000915527344,44.209999084472656,44.58000183105469,416600
2020-07-27,44.93000030517578,45.20000076293945,44.20000076293945,45.18000030517578,575700
2020-07-28,44.810001373291016,44.84000015258789,43.84000015258789,43.90999984741211,354900
2020-07-29,44.20000076293945,44.61000061035156,43.7599983215332,44.540000915527344,193000
2020-07-30,44.08000183105469,45.560001373291016,43.95000076293945,45.349998474121094,346200
2020-07-31,45.09000015258789,45.45000076293945,44.45000076293945,45.279998779296875,295300
2020-08-03,45.41999816894531,46.029998779296875,45.29999923706055,45.90999984741211,209700
2020-08-04,46.060001373291016,46.65999984741211,45.68000030517578,46.65999984741211,325000
2020-08-05,46.75,46.849998474121094,45.40999984741211,46.0099983215332,219600
2020-08-06,46.0099983215332,46.560001373291016,45.63999938964844,46.470001220703125,241600
2020-08-07,46.25,46.939998626708984,45.650001525878906,46.34000015258789,256900
2020-08-10,46.34000015258789,47.13999938964844,46.09000015258789,46.630001068115234,285800
2020-08-11,46.630001068115234,47.31999969482422,45.15999984741211,45.439998626708984,377000
2020-08-12,45.75,46.66999816894531,45.31999969482422,46.43000030517578,223800
2020-08-13,46.66999816894531,46.790000915527344,46.189998626708984,46.310001373291016,248200
2020-08-14,46.150001525878906,46.2599983215332,45.540000915527344,45.83000183105469,149500
2020-08-17,46.09000015258789,47.20000076293945,45.869998931884766,46.29999923706055,285000
2020-08-18,46.56999969482422,46.63999938964844,45.54999923706055,45.84000015258789,226800
2020-08-19,45.91999816894531,47.29999923706055,45.880001068115234,47.060001373291016,417500
2020-08-20,46.58000183105469,47.2400016784668,45.099998474121094,45.93000030517578,484100
2020-08-21,45.88999938964844,45.97999954223633,45.13999938964844,45.970001220703125,249200
2020-08-24,46.22999954223633,48.779998779296875,46.0099983215332,48.22999954223633,794700
2020-08-25,48.459999084472656,52.04999923706055,48.40999984741211,51.720001220703125,1201300
2020-08-26,51.54999923706055,53.54999923706055,50.83000183105469,51.2400016784668,910300
2020-08-27,50.779998779296875,50.91999816894531,49.0,49.18000030517578,617500
2020-08-28,49.52000045776367,52.779998779296875,49.40999984741211,52.0099983215332,722700
2020-08-31,52.04999923706055,53.16999816894531,51.290000915527344,52.70000076293945,886200
2020-09-01,52.95000076293945,57.75,52.709999084472656,57.720001220703125,2038700
2020-09-02,58.68000030517578,59.0,54.02000045776367,55.900001525878906,1806300
2020-09-03,55.630001068115234,55.630001068115234,49.25,50.09000015258789,2416600
2020-09-04,49.70000076293945,52.54999923706055,49.54999923706055,52.18000030517578,921400
2020-09-08,49.63999938964844,51.0099983215332,46.9900016784668,47.130001068115234,1216100
2020-09-09,48.33000183105469,48.38999938964844,47.2599983215332,47.560001373291016,551200
2020-09-10,48.13999938964844,49.84000015258789,47.95000076293945,48.5099983215332,553500
2020-09-11,48.540000915527344,51.7599983215332,48.540000915527344,50.369998931884766,901700
2020-09-14,51.38999938964844,52.5,50.220001220703125,52.15999984741211,481800
2020-09-15,52.849998474121094,53.130001068115234,51.849998474121094,52.5,540400
2020-09-16,51.7400016784668,53.869998931884766,51.2599983215332,53.119998931884766,583800
2020-09-17,52.0099983215332,53.0,51.54999923706055,52.189998626708984,309400
2020-09-18,54.16999816894531,54.38999938964844,52.09000015258789,53.029998779296875,960300
2020-09-21,52.2599983215332,52.34000015258789,50.119998931884766,50.7599983215332,610900
2020-09-22,51.33000183105469,51.81999969482422,49.849998474121094,50.56999969482422,449100
2020-09-23,50.56999969482422,50.63999938964844,48.959999084472656,48.9900016784668,333700
2020-09-24,48.560001373291016,49.90999984741211,48.349998474121094,48.81999969482422,353900
2020-09-25,48.869998931884766,49.709999084472656,48.459999084472656,49.61000061035156,247100
2020-09-28,50.630001068115234,52.25,50.220001220703125,51.970001220703125,394400
2020-09-29,52.0,53.25,51.290000915527344,52.02000045776367,493700
2020-09-30,52.02000045776367,52.83000183105469,51.150001525878906,52.18000030517578,463100
2020-10-01,52.689998626708984,54.150001525878906,52.5,53.630001068115234,418600
2020-10-02,51.86000061035156,53.150001525878906,51.720001220703125,51.91999816894531,456000
2020-10-05,52.52000045776367,53.54999923706055,52.52000045776367,53.400001525878906,273700
2020-10-06,53.5,54.79999923706055,53.06999969482422,53.290000915527344,305900
2020-10-07,54.0,54.4900016784668,53.34000015258789,53.720001220703125,254200
2020-10-08,55.59000015258789,57.31999969482422,54.689998626708984,56.529998779296875,701300
2020-10-09,56.56999969482422,58.790000915527344,56.56999969482422,58.150001525878906,640800
2020-10-12,58.86000061035156,58.86000061035156,57.02000045776367,57.470001220703125,379500
2020-10-13,57.0,57.380001068115234,56.310001373291016,57.150001525878906,292500
2020-10-14,57.29999923706055,57.4900016784668,55.61000061035156,56.560001373291016,269100
2020-10-15,55.29999923706055,56.66999816894531,54.0099983215332,56.40999984741211,267700
2020-10-16,56.52000045776367,57.369998931884766,56.22999954223633,57.060001373291016,394800
2020-10-19,57.4900016784668,58.61000061035156,56.77000045776367,57.29999923706055,379300
2020-10-20,57.779998779296875,58.86000061035156,56.4900016784668,56.68000030517578,330700
2020-10-21,56.349998474121094,56.97999954223633,54.689998626708984,54.810001373291016,238400
2020-10-22,55.220001220703125,56.7400016784668,54.97999954223633,56.65999984741211,237200
2020-10-23,56.720001220703125,57.22999954223633,56.099998474121094,57.150001525878906,188200
2020-10-26,57.0,57.31999969482422,55.36000061035156,56.0099983215332,250500
2020-10-27,56.349998474121094,57.20000076293945,56.0099983215332,56.4900016784668,195900
2020-10-28,55.369998931884766,55.47999954223633,53.52000045776367,53.599998474121094,242300
2020-10-29,53.72999954223633,55.970001220703125,53.59000015258789,55.47999954223633,234800
2020-10-30,55.06999969482422,55.52000045776367,54.130001068115234,54.66999816894531,321600
2020-11-02,55.459999084472656,55.79999923706055,53.65999984741211,54.09000015258789,204800
2020-11-03,54.72999954223633,56.09000015258789,54.16999816894531,55.77000045776367,186500
2020-11-04,56.5,58.93000030517578,55.95000076293945,58.689998626708984,378800
2020-11-05,59.15999984741211,61.08000183105469,58.65999984741211,60.91999816894531,567500
2020-11-06,60.91999816894531,61.150001525878906,59.7599983215332,60.150001525878906,232700
2020-11-09,61.150001525878906,62.369998931884766,60.130001068115234,60.220001220703125,503000
2020-11-10,60.20000076293945,60.970001220703125,57.790000915527344,58.119998931884766,337000
2020-11-11,59.09000015258789,60.04999923706055,58.279998779296875,59.7400016784668,259300
2020-11-12,60.209999084472656,60.38999938964844,57.68000030517578,58.040000915527344,248400
2020-11-13,58.369998931884766,59.13999938964844,57.880001068115234,58.709999084472656,207100
2020-11-16,59.25,60.72999954223633,59.16999816894531,60.72999954223633,367900
2020-11-17,60.68000030517578,62.75,59.130001068115234,62.560001373291016,393700
2020-11-18,63.06999969482422,64.55000305175781,62.34000015258789,62.43000030517578,616100
2020-11-19,62.02000045776367,66.16000366210938,61.79999923706055,65.3499984741211,694100
2020-11-20,65.5,67.0,64.55000305175781,66.45999908447266,639500
2020-11-23,66.0999984741211,67.87999725341797,64.98999786376953,66.37000274658203,1238100
2020-11-24,70.97000122070312,77.30999755859375,69.0999984741211,76.51000213623047,4433000
2020-11-25,77.31999969482422,77.48999786376953,74.2300033569336,75.94999694824219,1152500
2020-11-27,76.0199966430664,79.83000183105469,76.0199966430664,77.87000274658203,553300
2020-11-30,77.8499984741211,79.43000030517578,76.69000244140625,78.12999725341797,743400
2020-12-01,78.91000366210938,79.38999938964844,77.0999984741211,78.70999908447266,574100
2020-12-02,77.8499984741211,87.04000091552734,77.05999755859375,85.68000030517578,3241500
2020-12-03,84.62999725341797,90.16000366210938,82.83999633789062,88.48999786376953,1938600
2020-12-04,88.13999938964844,95.23999786376953,87.7699966430664,95.01000213623047,1635300
2020-12-07,94.41000366210938,95.5,89.63999938964844,90.48999786376953,1325900
2020-12-08,90.0,90.79000091552734,89.01000213623047,89.48999786376953,918100
2020-12-09,89.18000030517578,90.69000244140625,85.25,85.97000122070312,825500
2020-12-10,85.0,90.94999694824219,85.0,90.8499984741211,611300
2020-12-11,90.73999786376953,90.73999786376953,86.55000305175781,88.45999908447266,616000
2020-12-14,89.73999786376953,91.44999694824219,88.51000213623047,90.79000091552734,450700
2020-12-15,91.93000030517578,93.33000183105469,90.47000122070312,92.87000274658203,435500
2020-12-16,92.04000091552734,92.86000061035156,89.16000366210938,89.87999725341797,496200
2020-12-17,91.47000122070312,91.5,88.54000091552734,89.4000015258789,406800
2020-12-18,89.7300033569336,91.97000122070312,87.5999984741211,88.08999633789062,963900
2020-12-21,85.77999877929688,89.29000091552734,85.69999694824219,89.16000366210938,358500
2020-12-22,90.0,92.6500015258789,89.22000122070312,91.95999908447266,335300
2020-12-23,92.69999694824219,94.79000091552734,92.3499984741211,93.36000061035156,484900
2020-12-24,93.83999633789062,93.83999633789062,92.02999877929688,92.56999969482422,127600
2020-12-28,93.5,96.80000305175781,92.7699966430664,95.41000366210938,811800
2020-12-29,95.61000061035156,95.63999938964844,88.33000183105469,89.33000183105469,690200
2020-12-30,89.55999755859375,92.70999908447266,89.55999755859375,92.4800033569336,337800
2020-12-31,92.41000366210938,92.91000366210938,90.83999633789062,91.81999969482422,316200
2021-01-04,92.45999908447266,95.01000213623047,90.44000244140625,91.33999633789062,514200
2021-01-05,91.80000305175781,95.31999969482422,91.80000305175781,95.25,441500
2021-01-06,95.05999755859375,103.77999877929688,95.05999755859375,102.6500015258789,1475500
2021-01-07,103.30999755859375,106.87999725341797,102.72000122070312,106.41000366210938,799500
2021-01-08,107.22000122070312,107.91000366210938,98.5199966430664,99.83999633789062,899300
2021-01-11,98.95999908447266,106.1500015258789,98.72000122070312,105.87000274658203,631100
2021-01-12,106.98999786376953,108.0999984741211,97.36000061035156,97.80000305175781,1230700
2021-01-13,100.97000122070312,102.41999816894531,98.30000305175781,99.37999725341797,1067700
2021-01-14,100.5,108.27999877929688,100.2699966430664,108.19000244140625,883700
2021-01-15,107.72000122070312,108.91000366210938,103.86000061035156,104.3499984741211,1348500
2021-01-19,106.66000366210938,107.44000244140625,103.87000274658203,105.7300033569336,430100
2021-01-20,107.0,108.30000305175781,101.79000091552734,105.12999725341797,546900
2021-01-21,106.0999984741211,111.75,105.26000213623047,109.70999908447266,896700
2021-01-22,107.8499984741211,113.80999755859375,107.5,112.9000015258789,630200
2021-01-25,113.5,114.5,103.66000366210938,105.30999755859375,972000
2021-01-26,105.51000213623047,105.91000366210938,100.30999755859375,101.13999938964844,601900
2021-01-27,98.0,99.81999969482422,91.27999877929688,93.26000213623047,1448400
2021-01-28,95.12999725341797,101.08000183105469,92.98999786376953,100.05000305175781,1025300
2021-01-29,100.7699966430664,100.98999786376953,93.80000305175781,94.36000061035156,1161400
2021-02-01,97.86000061035156,105.54000091552734,97.7300033569336,105.16000366210938,948100
2021-02-02,106.48999786376953,109.51000213623047,104.94000244140625,108.58999633789062,603000
2021-02-03,109.2699966430664,112.95999908447266,105.01000213623047,106.8499984741211,850300
2021-02-04,107.4800033569336,112.30000305175781,106.5,112.02999877929688,550900
2021-02-05,112.77999877929688,113.76000213623047,109.80999755859375,112.68000030517578,475300
2021-02-08,113.29000091552734,117.98999786376953,112.9800033569336,117.87000274658203,677800
2021-02-09,117.73999786376953,119.69000244140625,115.30999755859375,116.36000061035156,612900
2021-02-10,117.0199966430664,118.4800033569336,113.76000213623047,118.11000061035156,755900
2021-02-11,119.79000091552734,124.38999938964844,118.58999633789062,123.41000366210938,688600
2021-02-12,122.0,124.69000244140625,121.87000274658203,124.19999694824219,598400
2021-02-16,125.68000030517578,128.75999450683594,122.18000030517578,128.1199951171875,801400
2021-02-17,125.5,128.72999572753906,121.80999755859375,123.5199966430664,567300
2021-02-18,120.97000122070312,123.79000091552734,118.23999786376953,123.45999908447266,488700
2021-02-19,125.19999694824219,128.92999267578125,125.19999694824219,127.16000366210938,463800
2021-02-22,125.5,128.8000030517578,120.44000244140625,121.41000366210938,473600
2021-02-23,116.48999786376953,118.19999694824219,110.22000122070312,117.25,832200
2021-02-24,118.0,121.76000213623047,114.51000213623047,121.2300033569336,620800
2021-02-25,120.0,122.48999786376953,112.12999725341797,113.29000091552734,501100
2021-02-26,115.25,117.6500015258789,110.61000061035156,112.48999786376953,915100
2021-03-01,117.44000244140625,120.44999694824219,115.08999633789062,118.80000305175781,621500
2021-03-02,119.0,119.80000305175781,113.27999877929688,113.70999908447266,784800
2021-03-03,120.25,137.2100067138672,112.23999786376953,113.33000183105469,3750800
2021-03-04,112.08000183105469,116.45999908447266,107.75,111.51000213623047,1681300
2021-03-05,115.01000213623047,116.87000274658203,106.7699966430664,113.26000213623047,919900
2021-03-08,112.4800033569336,113.72000122070312,105.94000244140625,106.11000061035156,1053900
2021-03-09,109.69999694824219,112.0,107.30999755859375,109.41999816894531,694400
2021-03-10,111.98999786376953,115.25,110.37000274658203,111.5999984741211,500000
2021-03-11,115.05000305175781,118.73999786376953,114.19000244140625,118.30999755859375,426600
2021-03-12,115.0,116.05000305175781,111.11000061035156,113.77999877929688,545800
2021-03-15,114.44999694824219,116.26000213623047,112.11000061035156,114.81999969482422,539700
2021-03-16,114.08000183105469,114.48999786376953,108.4000015258789,109.91000366210938,1020100
2021-03-17,108.2300033569336,112.36000061035156,107.0199966430664,110.66000366210938,558900
2021-03-18,108.97000122070312,109.61000061035156,104.88999938964844,105.18000030517578,572200
2021-03-19,104.98999786376953,107.20999908447266,102.33999633789062,106.25,649400
2021-03-22,108.75,109.94999694824219,105.69999694824219,105.91999816894531,354200
2021-03-23,104.62999725341797,105.08999633789062,98.81999969482422,99.33999633789062,716500
2021-03-24,101.31999969482422,102.68000030517578,98.1500015258789,98.25,493500
2021-03-25,95.36000061035156,98.3499984741211,93.54000091552734,96.9000015258789,797800
2021-03-26,98.05000305175781,99.5999984741211,95.36000061035156,98.2699966430664,363100
2021-03-29,97.02999877929688,99.06999969482422,94.0999984741211,95.11000061035156,595300
2021-03-30,94.61000061035156,98.52999877929688,94.33000183105469,97.76000213623047,426000
2021-03-31,99.16999816894531,101.12999725341797,98.37000274658203,100.38999938964844,440800
2021-04-01,101.26000213623047,105.80000305175781,101.12000274658203,105.2300033569336,431600
2021-04-05,106.55999755859375,106.56999969482422,103.19999694824219,105.26000213623047,296900
2021-04-06,105.12999725341797,106.56999969482422,104.2699966430664,105.37000274658203,264000
2021-04-07,105.01000213623047,106.8499984741211,103.81999969482422,104.56999969482422,255000
2021-04-08,107.08999633789062,107.12999725341797,103.12999725341797,103.91000366210938,287500
2021-04-09,101.36000061035156,103.45999908447266,99.12999725341797,103.2300033569336,308300
2021-04-12,101.80000305175781,102.29000091552734,99.5,101.4000015258789,291100
2021-04-13,102.54000091552734,104.08000183105469,99.69000244140625,102.20999908447266,642500
2021-04-14,102.62000274658203,105.83999633789062,101.4800033569336,101.63999938964844,241200
2021-04-15,102.94000244140625,104.30000305175781,101.01000213623047,104.13999938964844,242800
2021-04-16,104.58999633789062,104.58999633789062,102.2300033569336,102.30999755859375,188200
2021-04-19,101.12000274658203,102.88999938964844,97.01000213623047,98.6500015258789,253400
2021-04-20,97.62000274658203,98.0999984741211,95.1500015258789,96.80999755859375,296300
2021-04-21,96.12999725341797,101.66999816894531,96.08999633789062,101.43000030517578,248100
2021-04-22,102.01000213623047,102.36000061035156,99.69000244140625,99.69000244140625,202800
2021-04-23,101.05999755859375,105.0,99.87999725341797,103.54000091552734,439200
2021-04-26,103.86000061035156,105.2699966430664,103.5199966430664,104.37999725341797,275300
2021-04-27,104.98999786376953,105.1500015258789,102.36000061035156,102.69999694824219,258700
2021-04-28,101.0999984741211,104.16000366210938,100.61000061035156,103.5999984741211,231500
2021-04-29,104.83000183105469,104.83000183105469,100.5,102.87999725341797,319200
2021-04-30,100.66999816894531,102.80999755859375,97.05999755859375,97.48999786376953,386600
2021-05-03,98.72000122070312,98.72000122070312,93.95999908447266,94.30999755859375,368500
2021-05-04,93.5,93.73999786376953,89.51000213623047,90.61000061035156,561400
2021-05-05,92.52999877929688,95.25,91.9800033569336,93.29000091552734,277000
2021-05-06,92.88999938964844,92.88999938964844,89.11000061035156,90.61000061035156,340900
2021-05-07,92.05000305175781,93.5999984741211,91.30000305175781,92.66000366210938,212000
2021-05-10,91.54000091552734,91.54000091552734,86.72000122070312,87.11000061035156,286500
2021-05-11,83.0,88.80000305175781,82.58999633789062,88.26000213623047,1152700
2021-05-12,86.36000061035156,88.5199966430664,83.66000366210938,84.2300033569336,592700
2021-05-13,85.80000305175781,89.12000274658203,85.80000305175781,87.62999725341797,527900
2021-05-14,88.61000061035156,90.5,87.4800033569336,90.0,198800
2021-05-17,89.02999877929688,90.08000183105469,86.54000091552734,88.06999969482422,369900
2021-05-18,88.76000213623047,91.9000015258789,88.44999694824219,90.12999725341797,311100
2021-05-19,87.7699966430664,93.0,86.66999816894531,92.29000091552734,515000
2021-05-20,93.48999786376953,93.87000274658203,91.0999984741211,92.5999984741211,319900
2021-05-21,93.62000274658203,94.80000305175781,90.69000244140625,93.37000274658203,1361400
2021-05-24,94.13999938964844,97.70999908447266,93.76000213623047,97.3499984741211,530400
2021-05-25,98.43000030517578,100.23999786376953,97.5199966430664,98.31999969482422,370300
2021-05-26,98.41000366210938,100.91999816894531,98.41000366210938,100.66000366210938,249900
2021-05-27,99.94999694824219,102.5,99.5,101.94999694824219,379500
2021-05-28,102.22000122070312,102.58000183105469,99.62000274658203,100.37999725341797,416400
2021-06-01,100.77999877929688,101.7699966430664,98.58000183105469,101.12999725341797,807800
2021-06-02,103.55000305175781,105.5,97.55000305175781,99.6500015258789,1460900
2021-06-03,98.41999816894531,100.25,97.06999969482422,99.41999816894531,663500
2021-06-04,100.58999633789062,102.18000030517578,98.36000061035156,98.36000061035156,408800
2021-06-07,97.55000305175781,98.55999755859375,96.44999694824219,98.13999938964844,296900
2021-06-08,98.75,99.18000030517578,96.23999786376953,97.94999694824219,248700
2021-06-09,98.11000061035156,98.69000244140625,96.25,96.2699966430664,225800
2021-06-10,96.58000183105469,97.88999938964844,96.0999984741211,97.16000366210938,259400
2021-06-11,97.83999633789062,101.76000213623047,97.4000015258789,101.12000274658203,288300
2021-06-14,101.44999694824219,105.91000366210938,100.88999938964844,105.37999725341797,652500
2021-06-15,105.5,106.25,104.05999755859375,104.43000030517578,385700
2021-06-16,103.62999725341797,103.9000015258789,99.0,101.30000305175781,507700
2021-06-17,100.66000366210938,103.88999938964844,98.61000061035156,100.69999694824219,842200
2021-06-18,99.23999786376953,100.23999786376953,97.02999877929688,97.93000030517578,839200
2021-06-21,98.43000030517578,99.5,97.0,99.06999969482422,283900
2021-06-22,99.5,100.83999633789062,98.13999938964844,100.6500015258789,233700
2021-06-23,101.2300033569336,105.4000015258789,101.2300033569336,104.5,469500
2021-06-24,105.4000015258789,107.08000183105469,105.02999877929688,106.43000030517578,318700
2021-06-25,106.83999633789062,107.73999786376953,102.94000244140625,103.8499984741211,1376100
2021-06-28,104.7300033569336,107.0,103.54000091552734,106.06999969482422,393800
2021-06-29,106.30999755859375,108.0999984741211,105.44000244140625,107.37000274658203,338800
2021-06-30,107.22000122070312,107.22000122070312,104.63999938964844,106.62999725341797,319600
2021-07-01,106.5999984741211,106.5999984741211,104.05000305175781,105.98999786376953,327500
2021-07-02,107.11000061035156,107.72000122070312,105.30000305175781,106.0,280600
2021-07-06,106.7300033569336,106.87999725341797,101.75,103.87000274658203,227700
2021-07-07,104.30000305175781,104.94999694824219,99.47000122070312,100.45999908447266,343900
2021-07-08,98.01000213623047,99.30000305175781,96.26000213623047,98.83999633789062,274800
2021-07-09,99.26000213623047,101.83999633789062,98.58999633789062,101.4800033569336,190900
2021-07-12,101.6500015258789,102.94999694824219,100.02999877929688,102.6500015258789,221600
2021-07-13,101.83000183105469,101.83000183105469,99.77999877929688,100.08999633789062,122200
2021-07-14,101.45999908447266,101.7300033569336,96.11000061035156,96.22000122070312,234200
2021-07-15,95.54000091552734,95.70999908447266,92.8499984741211,94.83000183105469,333000
2021-07-16,96.02999877929688,96.4000015258789,91.51000213623047,91.63999938964844,295000
2021-07-19,89.4000015258789,91.12000274658203,88.01000213623047,90.12000274658203,292800
2021-07-20,90.91000366210938,93.88999938964844,89.16999816894531,92.9000015258789,273200
2021-07-21,93.2300033569336,95.97000122070312,93.08999633789062,95.86000061035156,178500
2021-07-22,95.62999725341797,95.62999725341797,92.54000091552734,93.06999969482422,170900
2021-07-23,93.72000122070312,94.47000122070312,91.62000274658203,94.29000091552734,261500
2021-07-26,94.5999984741211,96.80999755859375,94.2300033569336,95.04000091552734,230400
2021-07-27,94.05999755859375,94.05999755859375,88.6500015258789,91.4000015258789,278200
2021-07-28,92.16999816894531,96.37999725341797,91.9000015258789,96.22000122070312,330000
2021-07-29,96.08999633789062,97.16999816894531,95.12000274658203,97.12000274658203,159500
2021-07-30,96.19999694824219,99.94999694824219,96.19999694824219,98.48999786376953,250800
2021-08-02,99.36000061035156,101.0,97.68000030517578,97.7699966430664,232200
2021-08-03,97.76000213623047,100.68000030517578,95.7699966430664,97.05999755859375,145800
2021-08-04,96.72000122070312,98.94000244140625,96.4800033569336,97.9000015258789,202300
2021-08-05,98.79000091552734,103.45999908447266,98.4800033569336,101.80999755859375,332300
2021-08-06,101.4000015258789,102.87000274658203,100.77999877929688,102.76000213623047,179600
2021-08-09,102.88999938964844,103.63999938964844,101.4800033569336,102.83999633789062,334900
2021-08-10,103.0,103.16000366210938,100.37000274658203,101.12000274658203,178200
2021-08-11,101.6500015258789,101.83999633789062,98.37999725341797,101.77999877929688,164400
2021-08-12,101.33000183105469,101.33000183105469,99.55000305175781,99.94000244140625,190500
2021-08-13,99.91000366210938,99.91000366210938,97.68000030517578,98.6500015258789,123600
2021-08-16,98.48999786376953,99.18000030517578,96.69999694824219,97.16000366210938,172100
2021-08-17,95.58000183105469,96.25,89.30000305175781,89.56999969482422,457000
2021-08-18,90.43000030517578,94.81999969482422,90.36000061035156,93.0,275900
2021-08-19,91.81999969482422,93.37000274658203,90.91000366210938,92.95999908447266,129700
2021-08-20,92.69000244140625,95.2300033569336,92.56999969482422,95.0999984741211,172300
2021-08-23,96.0,98.48999786376953,95.9800033569336,98.08000183105469,180600
2021-08-24,98.58999633789062,99.76000213623047,98.01000213623047,99.5199966430664,169000
2021-08-25,99.56999969482422,100.30000305175781,98.88999938964844,99.19999694824219,120200
2021-08-26,99.0999984741211,100.33000183105469,98.12000274658203,98.23999786376953,166500
2021-08-27,98.2699966430664,102.87000274658203,98.2699966430664,102.43000030517578,216900
2021-08-30,103.08999633789062,106.43000030517578,103.0,105.48999786376953,439700
2021-08-31,105.29000091552734,105.37000274658203,101.4000015258789,103.56999969482422,716900
2021-09-01,116.75,132.72999572753906,115.4000015258789,131.9600067138672,5203800
2021-09-02,132.77000427246094,138.9600067138672,130.77000427246094,132.6699981689453,2626700
2021-09-03,132.44000244140625,139.85000610351562,130.17999267578125,137.1999969482422,1332300
2021-09-07,138.27000427246094,139.49000549316406,133.52000427246094,136.4199981689453,770800
2021-09-08,136.5,137.94000244140625,132.88999938964844,137.66000366210938,684400
2021-09-09,137.9499969482422,147.5800018310547,137.00999450683594,146.33999633789062,1604700
2021-09-10,147.08999633789062,149.9499969482422,144.6999969482422,148.32000732421875,1182400
2021-09-13,149.10000610351562,149.66000366210938,142.47000122070312,147.64999389648438,769300
2021-09-14,148.57000732421875,148.57000732421875,145.10000610351562,146.55999755859375,459900
2021-09-15,146.6999969482422,152.66000366210938,145.11000061035156,152.64999389648438,705900
2021-09-16,150.17999267578125,153.17999267578125,149.9199981689453,152.41000366210938,588000
2021-09-17,152.64999389648438,152.64999389648438,148.22999572753906,150.1699981689453,1059500
2021-09-20,147.02000427246094,148.6699981689453,141.39999389648438,144.97999572753906,712100
2021-09-21,146.55999755859375,150.75999450683594,145.7899932861328,148.9199981689453,692500
2021-09-22,153.25,165.02999877929688,152.8000030517578,164.3699951171875,1924200
2021-09-23,164.52999877929688,169.27999877929688,162.0,168.7100067138672,1581600
2021-09-24,166.7899932861328,167.75,160.8300018310547,162.88999938964844,709300
2021-09-27,160.75,162.25,157.8699951171875,159.35000610351562,533100
2021-09-28,155.0,156.99000549316406,151.82000732421875,155.16000366210938,657900
2021-09-29,155.92999267578125,158.1199951171875,152.85000610351562,154.72000122070312,464400
2021-09-30,156.75999450683594,156.97999572753906,153.77000427246094,155.74000549316406,522800
2021-10-01,155.9199981689453,156.72000122070312,151.63999938964844,153.72000122070312,469500
2021-10-04,152.24000549316406,154.0,146.75,148.8300018310547,473600
2021-10-05,150.16000366210938,156.4600067138672,149.0,150.52999877929688,477600
2021-10-06,148.0,151.91000366210938,146.5,150.19000244140625,306900
2021-10-07,152.52999877929688,159.00999450683594,152.52999877929688,158.64999389648438,845000
2021-10-08,160.13999938964844,161.0,152.86000061035156,154.13999938964844,519600
2021-10-11,154.32000732421875,157.0800018310547,150.41000366210938,150.57000732421875,308800
2021-10-12,150.8000030517578,153.1300048828125,147.82000732421875,152.74000549316406,412100
2021-10-13,152.36000061035156,157.4199981689453,151.5500030517578,152.6199951171875,402100
2021-10-14,155.39999389648438,168.92999267578125,155.1999969482422,167.5399932861328,1495800
2021-10-15,169.9499969482422,174.5,166.72999572753906,167.0800018310547,1201200
2021-10-18,165.38999938964844,167.8699951171875,162.2899932861328,167.8699951171875,721400
2021-10-19,169.3800048828125,171.8699951171875,165.33999633789062,169.4600067138672,554400
2021-10-20,169.24000549316406,174.22999572753906,166.0,174.02000427246094,572800
2021-10-21,173.47999572753906,177.97999572753906,170.3699951171875,176.86000061035156,775000
2021-10-22,176.5500030517578,178.25999450683594,171.47000122070312,173.35000610351562,450600
2021-10-25,175.11000061035156,181.6199951171875,174.11000061035156,179.85000610351562,642800
2021-10-26,182.0,186.24000549316406,176.6300048828125,181.0,757100
2021-10-27,183.52000427246094,187.25,180.27999877929688,181.69000244140625,649900
2021-10-28,183.30999755859375,189.6999969482422,183.30999755859375,189.44000244140625,443000
2021-10-29,187.91000366210938,189.67999267578125,185.02999877929688,185.8300018310547,551000
2021-11-01,186.94000244140625,192.77999877929688,186.00999450683594,190.8000030517578,572500
2021-11-02,189.3699951171875,193.94000244140625,187.7100067138672,189.72000122070312,474700
2021-11-03,190.60000610351562,195.91000366210938,189.3800048828125,193.8699951171875,503100
2021-11-04,195.02000427246094,200.02999877929688,194.02000427246094,196.19000244140625,517800
2021-11-05,197.63999938964844,201.38999938964844,193.22999572753906,193.97999572753906,503100
2021-11-08,198.0,205.61000061035156,196.1300048828125,203.3000030517578,658400
2021-11-09,203.75999450683594,207.0,197.0399932861328,201.75,486500
2021-11-10,195.61000061035156,197.8800048828125,182.38999938964844,184.25999450683594,1461700
2021-11-11,187.99000549316406,194.47000122070312,187.41000366210938,193.22999572753906,470800
2021-11-12,195.33999633789062,196.94000244140625,191.85000610351562,195.4499969482422,398000
2021-11-15,198.49000549316406,198.49000549316406,187.5,190.25999450683594,621800
2021-11-16,187.69000244140625,197.0,185.0,196.4199981689453,419000
2021-11-17,196.8300018310547,196.8300018310547,189.00999450683594,189.19000244140625,645500
2021-11-18,189.75,193.7899932861328,186.0800018310547,189.82000732421875,514400
2021-11-19,189.5,191.60000610351562,187.1699981689453,188.69000244140625,391300
2021-11-22,190.27999877929688,196.0,175.4600067138672,181.3300018310547,930800
2021-11-23,179.08999633789062,184.9499969482422,173.6999969482422,180.05999755859375,530400
2021-11-24,176.89999389648438,181.9199981689453,173.97000122070312,181.2100067138672,292600
2021-11-26,175.0,179.38999938964844,170.77999877929688,172.2100067138672,332300
2021-11-29,180.0,184.14999389648438,174.3800048828125,181.85000610351562,939000
2021-11-30,181.4499969482422,185.75999450683594,174.39999389648438,179.52000427246094,1528600
2021-12-01,206.10000610351562,227.58999633789062,203.22999572753906,204.88999938964844,5093100
2021-12-02,200.25,207.58999633789062,191.4600067138672,200.35000610351562,1578200
2021-12-03,203.85000610351562,205.72000122070312,186.0,193.52000427246094,1088400
2021-12-06,190.72000122070312,198.25,182.66000366210938,194.77000427246094,915700
2021-12-07,205.0,224.86000061035156,204.22999572753906,216.66000366210938,1483100
2021-12-08,216.00999450683594,218.92999267578125,209.0500030517578,216.83999633789062,624100
2021-12-09,215.10000610351562,221.88999938964844,204.9600067138672,207.8699951171875,600500
2021-12-10,216.0,216.0,203.7100067138672,207.80999755859375,517000
2021-12-13,208.72000122070312,208.72000122070312,195.35000610351562,197.35000610351562,560500
2021-12-14,193.6300048828125,198.72999572753906,190.0,195.22000122070312,498800
2021-12-15,195.83999633789062,210.05999755859375,192.00999450683594,209.57000732421875,796800
2021-12-16,210.02000427246094,211.9199981689453,176.25999450683594,179.6300048828125,1896100
2021-12-17,176.32000732421875,188.13999938964844,173.50999450683594,180.38999938964844,1275800
2021-12-20,174.0500030517578,187.64999389648438,171.88999938964844,184.5500030517578,779600
2021-12-21,190.0500030517578,196.14999389648438,187.3800048828125,195.8000030517578,605000
2021-12-22,196.36000061035156,199.5,191.91000366210938,197.35000610351562,604100
2021-12-23,196.05999755859375,202.7899932861328,195.5,200.5800018310547,353200
2021-12-27,201.10000610351562,211.10000610351562,201.10000610351562,209.39999389648438,412100
2021-12-28,211.38999938964844,211.52999877929688,200.8699951171875,203.7100067138672,358600
2021-12-29,201.5399932861328,205.35000610351562,200.00999450683594,204.75999450683594,234900
2021-12-30,203.5399932861328,207.1999969482422,200.92999267578125,201.19000244140625,222200
2021-12-31,201.3000030517578,206.0,201.3000030517578,202.88999938964844,356900
2022-01-03,205.0,217.6199951171875,205.0,216.16000366210938,1057200
2022-01-04,216.66000366210938,220.13999938964844,196.11000061035156,205.0399932861328,1375200
2022-01-05,197.77000427246094,198.0800018310547,165.3699951171875,165.39999389648438,2298800
2022-01-06,166.4499969482422,171.30999755859375,162.16000366210938,168.5399932861328,1211200
2022-01-07,167.52000427246094,169.2899932861328,156.47999572753906,157.60000610351562,1284000
2022-01-10,153.5,154.50999450683594,146.25,154.47000122070312,1193100
2022-01-11,154.0,158.6300048828125,150.05999755859375,157.0500030517578,533900
2022-01-12,164.25999450683594,170.9499969482422,158.1999969482422,160.75999450683594,1016700
2022-01-13,163.8300018310547,165.49000549316406,154.85000610351562,155.69000244140625,619100
2022-01-14,153.60000610351562,158.07000732421875,152.22999572753906,155.82000732421875,544700
2022-01-18,151.50999450683594,153.74000549316406,144.0399932861328,144.89999389648438,558700
2022-01-19,145.22999572753906,148.4600067138672,139.52999877929688,140.02000427246094,464100
2022-01-20,142.74000549316406,148.47000122070312,138.05999755859375,138.4199981689453,714900
2022-01-21,136.33999633789062,143.9499969482422,134.44000244140625,134.9499969482422,762100
2022-01-24,128.94000244140625,140.9499969482422,126.16999816894531,140.13999938964844,1008100
2022-01-25,133.19000244140625,138.60000610351562,131.66000366210938,133.38999938964844,671800
2022-01-26,138.60000610351562,142.13999938964844,130.49000549316406,133.30999755859375,597000
2022-01-27,139.3300018310547,139.3300018310547,127.22000122070312,127.80000305175781,652000
2022-01-28,127.81999969482422,129.94000244140625,122.0199966430664,129.5,658600
2022-01-31,131.67999267578125,140.75,129.75,140.14999389648438,738800
2022-02-01,142.94000244140625,143.9499969482422,137.02000427246094,141.07000732421875,614000
2022-02-02,145.0399932861328,148.47000122070312,137.7899932861328,140.6300048828125,388400
2022-02-03,135.5800018310547,140.3800048828125,133.5,133.88999938964844,531000
2022-02-04,133.66000366210938,140.16000366210938,131.36000061035156,138.35000610351562,512200
2022-02-07,138.13999938964844,142.35000610351562,137.10000610351562,138.86000061035156,615800
2022-02-08,137.66000366210938,144.99000549316406,137.41000366210938,144.67999267578125,308600
2022-02-09,146.58999633789062,151.72999572753906,143.66000366210938,151.72000122070312,389100
2022-02-10,152.05999755859375,156.10000610351562,147.2899932861328,148.5500030517578,602300
2022-02-11,148.86000061035156,151.49000549316406,138.6699981689453,140.27000427246094,539900
2022-02-14,140.61000061035156,144.9199981689453,136.80999755859375,138.92999267578125,387400
2022-02-15,144.0,148.47999572753906,143.57000732421875,148.4199981689453,421000
2022-02-16,145.7100067138672,148.55999755859375,143.3699951171875,147.91000366210938,242900
2022-02-17,144.0,145.42999267578125,140.0500030517578,140.83999633789062,408100
2022-02-18,141.4199981689453,141.86000061035156,134.1999969482422,134.75,360300
2022-02-22,132.17999267578125,138.49000549316406,131.30999755859375,133.35000610351562,300100
2022-02-23,135.1999969482422,137.72000122070312,127.04000091552734,128.3800048828125,463200
2022-02-24,122.52999877929688,138.1999969482422,118.58000183105469,137.39999389648438,762400
2022-02-25,137.17999267578125,139.5500030517578,132.27000427246094,139.3699951171875,505700
2022-02-28,139.6199951171875,143.5,135.86000061035156,139.7100067138672,1726700
2022-03-01,111.1500015258789,111.98999786376953,94.3499984741211,95.9800033569336,7434600
2022-03-02,96.5,102.68000030517578,96.31999969482422,99.79000091552734,2295400
2022-03-03,99.81999969482422,101.12999725341797,92.5999984741211,93.33000183105469,1156600
2022-03-04,91.93000030517578,94.9000015258789,86.41999816894531,87.52999877929688,1067400
2022-03-07,88.62000274658203,92.30000305175781,84.5999984741211,84.70999908447266,976700
2022-03-08,85.19999694824219,92.69000244140625,84.06999969482422,88.62000274658203,950800
2022-03-09,92.1500015258789,93.41999816894531,89.0999984741211,91.05000305175781,862500
2022-03-10,89.86000061035156,89.86000061035156,85.69000244140625,88.31999969482422,790800
2022-03-11,89.5999984741211,90.41000366210938,85.0199966430664,85.44999694824219,659400
2022-03-14,84.41999816894531,87.0,81.27999877929688,82.05999755859375,690100
2022-03-15,82.16000366210938,88.37000274658203,82.0,87.80999755859375,772700
2022-03-16,88.58999633789062,94.9800033569336,88.54000091552734,94.97000122070312,1510800
2022-03-17,92.94999694824219,96.70999908447266,91.33999633789062,95.5,772400
2022-03-18,94.58000183105469,99.94999694824219,94.44999694824219,99.37999725341797,1128300
2022-03-21,98.83999633789062,99.16999816894531,93.69999694824219,96.18000030517578,577900
2022-03-22,96.91000366210938,99.5,96.52999877929688,98.51000213623047,568900
2022-03-23,95.9800033569336,99.3499984741211,95.47000122070312,96.01000213623047,497100
2022-03-24,97.37999725341797,99.12999725341797,95.5199966430664,98.48999786376953,366800
2022-03-25,98.31999969482422,98.62000274658203,94.08999633789062,95.37999725341797,651600
2022-03-28,95.44999694824219,97.98999786376953,93.62000274658203,97.94000244140625,494500
2022-03-29,99.9800033569336,109.16999816894531,99.79000091552734,108.26000213623047,1083100
2022-03-30,107.0,109.06999969482422,105.19999694824219,105.6500015258789,836400
2022-03-31,104.94000244140625,107.4000015258789,103.43000030517578,104.91999816894531,612500
2022-04-01,105.37999725341797,107.73999786376953,101.5,102.44999694824219,643700
2022-04-04,103.69999694824219,105.62999725341797,102.7300033569336,105.5,398300
2022-04-05,104.70999908447266,104.70999908447266,98.19000244140625,98.77999877929688,546900
2022-04-06,96.22000122070312,97.27999877929688,92.80000305175781,93.93000030517578,752700
2022-04-07,93.62999725341797,96.30999755859375,91.48999786376953,93.80999755859375,546000
2022-04-08,92.80000305175781,93.5,90.58999633789062,90.69000244140625,426000
2022-04-11,89.73999786376953,90.2699966430664,87.5199966430664,88.62000274658203,415200
2022-04-12,91.79000091552734,93.33000183105469,88.11000061035156,88.6500015258789,447600
2022-04-13,89.4000015258789,94.26000213623047,88.4000015258789,92.68000030517578,582800
2022-04-14,92.0199966430664,92.02999877929688,88.37000274658203,90.26000213623047,494000
2022-04-18,88.63999938964844,91.9800033569336,88.2699966430664,89.9000015258789,381400
2022-04-19,90.94999694824219,93.5,89.41999816894531,92.16999816894531,317700
2022-04-20,94.4800033569336,94.87999725341797,88.19999694824219,89.70999908447266,555500
2022-04-21,92.06999969482422,94.87999725341797,85.41999816894531,86.12999725341797,484900
2022-04-22,85.62000274658203,87.93000030517578,82.8499984741211,83.5999984741211,347400
2022-04-25,82.36000061035156,85.83000183105469,82.12999725341797,85.7699966430664,307200
2022-04-26,84.54000091552734,84.54000091552734,80.54000091552734,81.08000183105469,597100
2022-04-27,80.12999725341797,83.02999877929688,79.11000061035156,81.37000274658203,689000
2022-04-28,84.33999633789062,85.7300033569336,80.72000122070312,85.2300033569336,401300
2022-04-29,84.01000213623047,87.0999984741211,81.86000061035156,82.08000183105469,329900
2022-05-02,82.08000183105469,85.01000213623047,80.7699966430664,84.87999725341797,424600
2022-05-03,85.0199966430664,86.20999908447266,83.02999877929688,85.19000244140625,335300
2022-05-04,85.5,87.66999816894531,80.56999969482422,87.33000183105469,478900
2022-05-05,85.08999633789062,85.98999786376953,77.45999908447266,79.19999694824219,1067000
2022-05-06,79.25,79.25,74.3499984741211,76.98999786376953,556900
2022-05-09,74.98999786376953,76.25,67.79000091552734,68.61000061035156,791700
2022-05-10,71.66999816894531,72.87000274658203,67.29000091552734,69.66999816894531,716000
2022-05-11,69.93000030517578,71.16999816894531,66.69999694824219,67.48999786376953,694500
2022-05-12,66.41999816894531,72.69000244140625,65.5999984741211,71.3499984741211,992800
2022-05-13,73.97000122070312,78.02999877929688,73.08000183105469,76.87000274658203,669800
2022-05-16,76.80000305175781,78.77999877929688,74.51000213623047,76.36000061035156,609400
2022-05-17,78.62000274658203,82.51000213623047,77.61000061035156,81.2699966430664,594600
2022-05-18,79.5,82.48999786376953,75.33000183105469,75.88999938964844,477800
2022-05-19,75.68000030517578,78.88999938964844,75.05000305175781,76.26000213623047,483900
2022-05-20,78.43000030517578,78.43000030517578,71.87999725341797,76.44999694824219,463600
2022-05-23,75.98999786376953,77.44000244140625,74.81999969482422,77.26000213623047,401800
2022-05-24,75.93000030517578,75.93000030517578,71.72000122070312,73.19000244140625,511100
2022-05-25,73.19999694824219,76.27999877929688,72.18000030517578,75.11000061035156,612500
2022-05-26,74.4000015258789,81.18000030517578,74.2300033569336,80.1500015258789,487700
2022-05-27,81.3499984741211,88.33999633789062,81.19000244140625,88.0999984741211,895600
2022-05-31,89.87000274658203,90.37999725341797,84.58999633789062,85.22000122070312,1382300
2022-06-01,79.79000091552734,87.0,79.5,83.41000366210938,1588900
2022-06-02,82.61000061035156,90.94000244140625,82.61000061035156,88.6500015258789,1044400
2022-06-03,86.0,86.51000213623047,81.75,82.98999786376953,587900
2022-06-06,84.93000030517578,86.86000061035156,83.2300033569336,85.58000183105469,737900
2022-06-07,83.75,85.16000366210938,82.91999816894531,84.69000244140625,383100
2022-06-08,84.1500015258789,85.0,80.86000061035156,82.6500015258789,549400
2022-06-09,81.31999969482422,83.4000015258789,79.55999755859375,79.72000122070312,326200
2022-06-10,77.73999786376953,79.87999725341797,75.83000183105469,76.8499984741211,530700
2022-06-13,73.3499984741211,75.94000244140625,69.66999816894531,69.94999694824219,585700
2022-06-14,70.5999984741211,71.6500015258789,67.83999633789062,69.37999725341797,580400
2022-06-15,69.77999877929688,73.80999755859375,69.69999694824219,72.04000091552734,421400
2022-06-16,69.23999786376953,69.30000305175781,64.69000244140625,65.66999816894531,645000
2022-06-17,67.02999877929688,69.27999877929688,66.43000030517578,67.38999938964844,901500
2022-06-21,69.0999984741211,70.86000061035156,68.12999725341797,68.22000122070312,539900
2022-06-22,66.95999908447266,69.94999694824219,66.91999816894531,68.5199966430664,471000
2022-06-23,67.6500015258789,69.80000305175781,67.37000274658203,68.47000122070312,389800
2022-06-24,70.08000183105469,72.91000366210938,69.3499984741211,72.86000061035156,594000
2022-06-27,73.73999786376953,73.75,70.48999786376953,70.97000122070312,539100
2022-06-28,71.37000274658203,73.11000061035156,68.44000244140625,68.77999877929688,441000
2022-06-29,67.5,68.25,65.41999816894531,68.18000030517578,466000
2022-06-30,66.91000366210938,67.69000244140625,64.94000244140625,65.45999908447266,422000
2022-07-01,65.13999938964844,66.02999877929688,62.869998931884766,63.290000915527344,425100
2022-07-05,61.84000015258789,63.93000030517578,60.560001373291016,63.93000030517578,447800
2022-07-06,64.0999984741211,65.13999938964844,62.33000183105469,64.45999908447266,421600
2022-07-07,66.43000030517578,70.63999938964844,65.88999938964844,69.41999816894531,580100
2022-07-08,68.12999725341797,70.83999633789062,67.51000213623047,69.18000030517578,230600
2022-07-11,67.4800033569336,68.02999877929688,64.81999969482422,65.11000061035156,348300
2022-07-12,64.0999984741211,65.23999786376953,62.59000015258789,64.37999725341797,660100
2022-07-13,63.0099983215332,65.83000183105469,62.43000030517578,64.2699966430664,322700
2022-07-14,64.02999877929688,65.08000183105469,61.5,65.01000213623047,399100
2022-07-15,66.58999633789062,68.25,64.23999786376953,68.23999786376953,590100
2022-07-18,70.02999877929688,70.5199966430664,66.9000015258789,67.55999755859375,466800
2022-07-19,69.25,72.72000122070312,68.29000091552734,71.69000244140625,595100
2022-07-20,71.56999969482422,76.33999633789062,71.56999969482422,76.22000122070312,614900
2022-07-21,76.30000305175781,79.16999816894531,74.80000305175781,79.0,674000
2022-07-22,78.25,79.25,74.87999725341797,76.54000091552734,466700
2022-07-25,76.41000366210938,76.52999877929688,74.4800033569336,75.58999633789062,363400
2022-07-26,74.95999908447266,75.79000091552734,74.13999938964844,75.62000274658203,372200
2022-07-27,77.45999908447266,81.38999938964844,77.22000122070312,81.1500015258789,536400
2022-07-28,81.77999877929688,85.52999877929688,79.87999725341797,84.94999694824219,941300
2022-07-29,84.05999755859375,86.95999908447266,83.81999969482422,86.55000305175781,666300
2022-08-01,85.93000030517578,89.4000015258789,84.25,86.08999633789062,544100
2022-08-02,84.41000366210938,88.58000183105469,84.2699966430664,87.16999816894531,402700
2022-08-03,87.5199966430664,90.9800033569336,87.23999786376953,90.55000305175781,415600
2022-08-04,90.58000183105469,91.26000213623047,88.22000122070312,89.51000213623047,338800
2022-08-05,87.51000213623047,91.08999633789062,86.97000122070312,89.04000091552734,244200
2022-08-08,88.22000122070312,90.05999755859375,86.44000244140625,88.38999938964844,302700
2022-08-09,85.33999633789062,86.16999816894531,81.26000213623047,83.66000366210938,355900
2022-08-10,87.4800033569336,89.20999908447266,85.33999633789062,89.16000366210938,435800
2022-08-11,91.06999969482422,91.9000015258789,88.0199966430664,88.61000061035156,291000
2022-08-12,88.88999938964844,92.16000366210938,88.36000061035156,91.75,392900
2022-08-15,91.2699966430664,93.62999725341797,91.16000366210938,92.3499984741211,364800
2022-08-16,92.12000274658203,92.29000091552734,89.61000061035156,90.86000061035156,216400
2022-08-17,89.06999969482422,89.08000183105469,85.86000061035156,87.66999816894531,433700
2022-08-18,88.44000244140625,92.19000244140625,87.7699966430664,91.05000305175781,448400
2022-08-19,89.12999725341797,89.44999694824219,86.01000213623047,86.25,449400
2022-08-22,83.69000244140625,84.26000213623047,80.77999877929688,81.29000091552734,363600
2022-08-23,81.5999984741211,83.7300033569336,81.02999877929688,81.66999816894531,327800
2022-08-24,81.66999816894531,84.37999725341797,81.16999816894531,83.75,346800
2022-08-25,83.75,87.76000213623047,83.75,87.73999786376953,334200
2022-08-26,87.33000183105469,88.38999938964844,83.91999816894531,84.31999969482422,690900
2022-08-29,83.18000030517578,85.37999725341797,81.97000122070312,84.56999969482422,844200
2022-08-30,86.05000305175781,86.95999908447266,82.69999694824219,84.5,1018300
2022-08-31,76.62999725341797,77.56999969482422,67.31999969482422,67.87999725341797,4563100
2022-09-01,65.86000061035156,65.88999938964844,60.5,64.16000366210938,2360800
2022-09-02,65.4000015258789,66.0199966430664,62.2599983215332,62.86000061035156,898500
2022-09-06,63.29999923706055,63.29999923706055,61.08000183105469,61.810001373291016,772400
2022-09-07,62.150001525878906,64.45999908447266,60.88999938964844,64.01000213623047,842000
2022-09-08,63.0,68.4800033569336,62.099998474121094,68.43000030517578,818600
2022-09-09,69.79000091552734,71.87999725341797,69.41999816894531,71.12999725341797,700800
2022-09-12,71.30000305175781,71.98999786376953,68.66999816894531,69.4800033569336,1050300
2022-09-13,65.83000183105469,67.43000030517578,65.0999984741211,65.80000305175781,597900
2022-09-14,66.0999984741211,66.33999633789062,64.05999755859375,65.1500015258789,695300
2022-09-15,64.0999984741211,66.22000122070312,63.540000915527344,65.25,439900
2022-09-16,63.349998474121094,65.19999694824219,62.41999816894531,64.93000030517578,952300
2022-09-19,64.23999786376953,65.1500015258789,63.52000045776367,65.06999969482422,349600
2022-09-20,64.0199966430664,64.79000091552734,62.65999984741211,62.91999816894531,268800
2022-09-21,63.45000076293945,67.0,62.81999969482422,63.970001220703125,472300
2022-09-22,63.2599983215332,63.63999938964844,59.779998779296875,60.63999938964844,773400
2022-09-23,59.27000045776367,60.380001068115234,56.650001525878906,58.470001220703125,706600
2022-09-26,58.470001220703125,59.83000183105469,57.27000045776367,57.310001373291016,486000
2022-09-27,59.029998779296875,59.540000915527344,57.31999969482422,58.099998474121094,323700
2022-09-28,57.45000076293945,60.459999084472656,57.150001525878906,59.90999984741211,334700
2022-09-29,58.02000045776367,58.459999084472656,56.65999984741211,57.56999969482422,413300
2022-09-30,56.59000015258789,58.65999984741211,56.04999923706055,56.18000030517578,373300
2022-10-03,57.61000061035156,59.25,56.959999084472656,58.61000061035156,416500
2022-10-04,60.58000183105469,62.66999816894531,60.56999969482422,62.25,543400
2022-10-05,60.91999816894531,63.290000915527344,59.599998474121094,62.66999816894531,304000
2022-10-06,61.959999084472656,63.849998474121094,61.91999816894531,62.65999984741211,723400
2022-10-07,60.470001220703125,61.38999938964844,57.59000015258789,58.79999923706055,585000
2022-10-10,58.790000915527344,59.31999969482422,54.7400016784668,56.290000915527344,544300
2022-10-11,55.0,55.560001373291016,52.93000030517578,53.68000030517578,405600
2022-10-12,55.040000915527344,55.040000915527344,51.63999938964844,52.65999984741211,398200
2022-10-13,50.43000030517578,54.709999084472656,49.02000045776367,53.5,463700
2022-10-14,54.06999969482422,54.06999969482422,49.279998779296875,49.40999984741211,431700
2022-10-17,51.06999969482422,52.0,50.849998474121094,51.290000915527344,519000
2022-10-18,53.279998779296875,54.209999084472656,50.65999984741211,51.45000076293945,574500
2022-10-19,50.65999984741211,51.380001068115234,49.7400016784668,50.91999816894531,441900
2022-10-20,51.369998931884766,53.83000183105469,51.209999084472656,52.25,405900
2022-10-21,52.33000183105469,54.5,51.34000015258789,54.060001373291016,543700
2022-10-24,54.13999938964844,54.279998779296875,51.58000183105469,53.119998931884766,346900
2022-10-25,53.5099983215332,55.43000030517578,53.5099983215332,55.36000061035156,351100
2022-10-26,54.63999938964844,57.91999816894531,53.97999954223633,56.22999954223633,533200
2022-10-27,56.81999969482422,57.470001220703125,54.369998931884766,54.52000045776367,395000
2022-10-28,55.400001525878906,57.77000045776367,54.790000915527344,56.880001068115234,510000
2022-10-31,56.209999084472656,56.209999084472656,54.27000045776367,54.72999954223633,389700
2022-11-01,56.369998931884766,57.11000061035156,54.810001373291016,55.4900016784668,410600
2022-11-02,56.0,56.72999954223633,54.18000030517578,54.18000030517578,431300
2022-11-03,52.849998474121094,54.06999969482422,51.290000915527344,52.220001220703125,456100
2022-11-04,54.40999984741211,54.599998474121094,52.27000045776367,54.41999816894531,500600
2022-11-07,54.97999954223633,55.40999984741211,53.900001525878906,54.91999816894531,398800
2022-11-08,56.29999923706055,57.220001220703125,54.54999923706055,55.93000030517578,487600
2022-11-09,54.540000915527344,54.810001373291016,53.2400016784668,53.5,496100
2022-11-10,57.619998931884766,61.08000183105469,57.2400016784668,61.0,608300
2022-11-11,61.119998931884766,64.7699966430664,60.689998626708984,63.939998626708984,474400
2022-11-14,63.189998626708984,64.01000213623047,62.16999816894531,63.540000915527344,405600
2022-11-15,66.61000061035156,68.80999755859375,65.87000274658203,68.0199966430664,576800
2022-11-16,66.27999877929688,66.27999877929688,64.3499984741211,65.04000091552734,481700
2022-11-17,63.029998779296875,67.30999755859375,63.029998779296875,66.83999633789062,548100
2022-11-18,70.23999786376953,76.5999984741211,70.0999984741211,76.3499984741211,1792300
2022-11-21,74.87999725341797,75.01000213623047,71.2300033569336,71.77999877929688,1067600
2022-11-22,72.31999969482422,72.66000366210938,70.08000183105469,72.30999755859375,539100
2022-11-23,72.41000366210938,74.27999877929688,71.5,72.16999816894531,412900
2022-11-25,71.38999938964844,73.05999755859375,71.23999786376953,72.36000061035156,158500
2022-11-28,71.08000183105469,71.45999908447266,70.05000305175781,70.7300033569336,413300
2022-11-29,71.16000366210938,71.30999755859375,68.72000122070312,69.12000274658203,439800
2022-11-30,69.27999877929688,74.29000091552734,68.36000061035156,74.19999694824219,750200
2022-12-01,75.58999633789062,75.76000213623047,71.91000366210938,73.93000030517578,1146100
2022-12-02,69.5,77.2300033569336,67.52999877929688,76.37999725341797,1510400
2022-12-05,75.68000030517578,78.47000122070312,73.56999969482422,75.08999633789062,1203700
2022-12-06,75.08999633789062,75.08999633789062,72.73999786376953,74.05000305175781,466600
2022-12-07,73.12999725341797,76.5,72.94999694824219,76.27999877929688,515500
2022-12-08,77.0,80.26000213623047,76.01000213623047,79.36000061035156,581700
2022-12-09,78.80000305175781,79.5199966430664,77.44000244140625,78.06999969482422,537800
2022-12-12,78.20999908447266,80.05999755859375,76.58999633789062,79.95999908447266,637400
2022-12-13,85.72000122070312,88.87000274658203,84.7300033569336,86.61000061035156,1375100
2022-12-14,86.55999755859375,91.25,85.29000091552734,89.3499984741211,944600
2022-12-15,87.22000122070312,87.5,84.91999816894531,85.68000030517578,542400
2022-12-16,84.02999877929688,84.9800033569336,81.81999969482422,82.5999984741211,1061300
2022-12-19,82.7300033569336,83.4000015258789,78.87000274658203,79.6500015258789,518500
2022-12-20,78.9800033569336,82.43000030517578,78.0,81.94999694824219,588200
2022-12-21,82.5,84.30000305175781,81.72000122070312,82.52999877929688,667600
2022-12-22,80.4000015258789,82.87999725341797,79.52999877929688,82.5999984741211,450200
2022-12-23,81.55999755859375,81.66000366210938,79.5,81.20999908447266,394300
2022-12-27,80.5999984741211,81.47000122070312,78.8499984741211,79.05000305175781,221700
2022-12-28,78.16999816894531,79.56999969482422,76.19000244140625,76.80999755859375,515300
2022-12-29,78.47000122070312,81.44000244140625,77.62999725341797,81.01000213623047,632700
2022-12-30,79.0199966430664,82.31999969482422,78.0,82.2300033569336,549800
2023-01-03,84.16999816894531,84.16999816894531,78.88999938964844,79.48999786376953,516200
2023-01-04,80.22000122070312,82.80999755859375,78.38999938964844,79.26000213623047,476600
2023-01-05,78.51000213623047,80.80000305175781,77.56999969482422,77.8499984741211,426200
2023-01-06,78.76000213623047,83.58000183105469,78.3499984741211,83.12000274658203,654000
2023-01-09,85.0,87.66999816894531,83.52999877929688,85.01000213623047,685900
2023-01-10,83.58000183105469,87.4000015258789,83.36000061035156,87.25,443200
2023-01-11,87.12000274658203,87.23999786376953,84.98999786376953,86.48999786376953,426700
2023-01-12,86.58999633789062,87.30999755859375,84.30000305175781,85.37000274658203,663500
2023-01-13,83.62000274658203,87.44999694824219,82.94999694824219,87.38999938964844,405600
2023-01-17,87.30999755859375,89.23999786376953,86.33999633789062,87.94999694824219,358600
2023-01-18,88.4000015258789,89.88999938964844,86.3499984741211,87.6500015258789,475400
2023-01-19,85.9000015258789,86.29000091552734,83.70999908447266,83.80999755859375,664900
2023-01-20,85.4800033569336,86.36000061035156,81.8499984741211,86.02999877929688,489400
2023-01-23,87.05999755859375,90.43000030517578,87.0,89.20999908447266,456200
2023-01-24,88.33000183105469,89.80999755859375,87.01000213623047,88.37000274658203,254800
2023-01-25,86.43000030517578,89.12999725341797,84.4000015258789,89.0,414500
2023-01-26,90.91000366210938,92.18000030517578,88.4800033569336,90.29000091552734,388200
2023-01-27,89.1500015258789,91.01000213623047,88.36000061035156,89.69999694824219,333400
2023-01-30,87.66000366210938,88.30000305175781,85.81999969482422,86.83000183105469,327200
2023-01-31,86.76000213623047,89.9000015258789,86.76000213623047,89.83999633789062,297800
2023-02-01,90.0,95.63999938964844,89.91999816894531,94.66000366210938,451000
2023-02-02,96.37999725341797,97.83000183105469,94.16999816894531,95.45999908447266,482300
2023-02-03,92.97000122070312,96.5999984741211,92.0999984741211,93.8499984741211,300800
2023-02-06,92.0199966430664,93.7699966430664,90.97000122070312,91.86000061035156,197300
2023-02-07,92.0,97.08000183105469,90.7699966430664,96.7300033569336,657300
2023-02-08,95.97000122070312,99.20999908447266,94.38999938964844,95.37999725341797,557000
2023-02-09,97.6500015258789,99.86000061035156,94.80000305175781,95.6500015258789,473400
2023-02-10,93.98999786376953,94.44999694824219,91.02999877929688,92.16999816894531,499800
2023-02-13,93.44999694824219,95.37000274658203,92.76000213623047,94.52999877929688,349800
2023-02-14,93.37000274658203,97.63999938964844,92.77999877929688,95.05999755859375,446600
2023-02-15,93.91999816894531,97.38999938964844,92.31999969482422,97.37000274658203,338400
2023-02-16,94.76000213623047,97.19000244140625,93.97000122070312,94.0,374300
2023-02-17,93.77999877929688,94.1500015258789,92.22000122070312,93.12000274658203,310700
2023-02-21,91.7300033569336,92.83999633789062,90.05000305175781,90.41999816894531,366600
2023-02-22,90.51000213623047,91.88999938964844,89.33000183105469,90.75,257600
2023-02-23,94.0,94.11000061035156,90.43000030517578,93.33999633789062,359200
2023-02-24,91.41999816894531,91.94000244140625,89.87999725341797,91.04000091552734,378700
2023-02-27,92.33000183105469,93.11000061035156,91.20999908447266,92.44999694824219,437200
2023-02-28,92.13999938964844,95.73999786376953,91.5,94.30999755859375,791700
2023-03-01,87.19999694824219,91.19000244140625,82.26000213623047,83.47000122070312,1889300
2023-03-02,82.01000213623047,84.33000183105469,80.30000305175781,82.83999633789062,892700
2023-03-03,82.44000244140625,83.76000213623047,80.63999938964844,82.56999969482422,1068700
2023-03-06,83.37000274658203,83.37999725341797,79.77999877929688,80.31999969482422,1004400
2023-03-07,80.56999969482422,82.30000305175781,79.63999938964844,80.37000274658203,497300
2023-03-08,81.0999984741211,84.01000213623047,80.55000305175781,83.04000091552734,602300
2023-03-09,82.25,84.55999755859375,79.94000244140625,80.44999694824219,420100
2023-03-10,80.58000183105469,80.58000183105469,76.2300033569336,76.5999984741211,362500
2023-03-13,75.38999938964844,77.37999725341797,74.2300033569336,76.08999633789062,437500
2023-03-14,78.4800033569336,80.11000061035156,76.76000213623047,78.16000366210938,424200
2023-03-15,76.30000305175781,77.12999725341797,74.37999725341797,76.5999984741211,429600
2023-03-16,75.7699966430664,78.86000061035156,75.0,77.4000015258789,407500
2023-03-17,77.4000015258789,77.8499984741211,75.66999816894531,76.80999755859375,786700
2023-03-20,76.93000030517578,78.20999908447266,75.87999725341797,77.7300033569336,326800
2023-03-21,78.91000366210938,80.41999816894531,78.31999969482422,79.20999908447266,370600
2023-03-22,79.19999694824219,80.12999725341797,76.47000122070312,76.66999816894531,334300
2023-03-23,78.80999755859375,80.33000183105469,77.38999938964844,79.41000366210938,369400
2023-03-24,78.69999694824219,78.69999694824219,76.02999877929688,76.72000122070312,404900
2023-03-27,77.43000030517578,77.94999694824219,75.91999816894531,76.76000213623047,292100
2023-03-28,76.58000183105469,76.58000183105469,73.0,74.36000061035156,372400
2023-03-29,75.63999938964844,76.58999633789062,74.62000274658203,75.86000061035156,412200
2023-03-30,76.95999908447266,77.75,75.80999755859375,76.61000061035156,369700
2023-03-31,76.83999633789062,77.56999969482422,75.47000122070312,77.41999816894531,430100
2023-04-03,76.62999725341797,76.97000122070312,74.5999984741211,75.91999816894531,393800
2023-04-04,76.19000244140625,76.19000244140625,72.19000244140625,72.58999633789062,476500
2023-04-05,71.70999908447266,72.0,68.25,69.86000061035156,810500
2023-04-06,70.80000305175781,71.79000091552734,69.45999908447266,71.02999877929688,618200
2023-04-10,70.08000183105469,72.33999633789062,69.6500015258789,71.93000030517578,331200
2023-04-11,72.55999755859375,72.80000305175781,71.0999984741211,71.22000122070312,269500
2023-04-12,72.04000091552734,72.44999694824219,68.7300033569336,68.83999633789062,261500
2023-04-13,69.05999755859375,69.75,68.37999725341797,68.69000244140625,553600
2023-04-14,68.51000213623047,69.30000305175781,67.13999938964844,68.0,223900
2023-04-17,67.20999908447266,68.58999633789062,66.4800033569336,68.47000122070312,260900
2023-04-18,69.08999633789062,69.48999786376953,67.5199966430664,68.30000305175781,223500
2023-04-19,67.27999877929688,68.43000030517578,66.75,68.20999908447266,210700
2023-04-20,67.16000366210938,68.19999694824219,66.8499984741211,67.31999969482422,228600
2023-04-21,67.05000305175781,67.72000122070312,66.52999877929688,67.31999969482422,285400
2023-04-24,67.0,68.01000213623047,66.63999938964844,67.86000061035156,251000
2023-04-25,66.83000183105469,67.23999786376953,64.2300033569336,64.37999725341797,467300
2023-04-26,64.58999633789062,65.77999877929688,64.30000305175781,64.63999938964844,309300
2023-04-27,64.30000305175781,64.30000305175781,58.150001525878906,60.959999084472656,1315900
2023-04-28,61.33000183105469,62.22999954223633,60.720001220703125,61.97999954223633,359600
2023-05-01,61.849998474121094,63.33000183105469,61.56999969482422,63.029998779296875,491600
2023-05-02,62.59000015258789,63.58000183105469,61.2400016784668,63.220001220703125,452700
2023-05-03,62.880001068115234,65.02999877929688,62.38999938964844,63.880001068115234,387100
2023-05-04,62.83000183105469,64.55999755859375,62.150001525878906,64.0,680700
2023-05-05,65.05999755859375,67.04000091552734,64.23999786376953,66.08999633789062,548100
2023-05-08,65.87000274658203,67.13999938964844,65.05999755859375,67.0199966430664,219400
2023-05-09,65.9000015258789,66.36000061035156,65.16999816894531,65.72000122070312,243300
2023-05-10,66.9800033569336,67.51000213623047,66.22000122070312,66.70999908447266,178200
2023-05-11,66.5,66.5,65.0,66.1500015258789,147600
2023-05-12,66.4800033569336,67.05999755859375,65.41000366210938,66.02999877929688,157000
2023-05-15,66.29000091552734,68.33999633789062,65.69999694824219,68.04000091552734,324600
2023-05-16,67.44999694824219,68.5,67.33000183105469,67.58999633789062,187800
2023-05-17,68.45999908447266,70.51000213623047,67.91000366210938,69.91999816894531,304300
2023-05-18,70.66999816894531,72.33000183105469,70.37999725341797,72.04000091552734,349100
2023-05-19,72.25,72.4800033569336,71.20999908447266,72.37999725341797,399700
2023-05-22,71.69999694824219,74.45999908447266,71.41999816894531,74.19000244140625,385200
2023-05-23,73.33000183105469,74.05000305175781,72.04000091552734,72.05999755859375,401100
2023-05-24,70.19000244140625,71.22000122070312,69.16999816894531,69.79000091552734,364500
2023-05-25,72.58999633789062,72.8499984741211,69.63999938964844,71.77999877929688,575300
2023-05-26,72.2300033569336,78.33000183105469,72.2300033569336,77.73999786376953,1150700
2023-05-30,80.9800033569336,83.16000366210938,79.0,81.95999908447266,2538600
2023-05-31,68.72000122070312,72.55000305175781,67.5199966430664,72.31999969482422,4859200
2023-06-01,72.30999755859375,76.79000091552734,72.12999725341797,75.2300033569336,1482000
2023-06-02,76.1500015258789,77.0,74.69000244140625,76.54000091552734,895500
2023-06-05,75.55999755859375,77.80999755859375,75.19999694824219,76.66999816894531,585900
2023-06-06,76.4000015258789,79.63999938964844,76.4000015258789,79.29000091552734,500100
2023-06-07,79.81999969482422,82.31999969482422,79.63999938964844,80.44999694824219,609200
2023-06-08,81.0,82.7300033569336,80.08999633789062,82.6500015258789,494000
2023-06-09,83.33000183105469,84.4000015258789,82.0999984741211,83.0999984741211,780300
2023-06-12,84.08000183105469,85.86000061035156,83.69000244140625,85.80000305175781,720400
2023-06-13,87.5999984741211,88.0999984741211,85.91000366210938,86.87999725341797,636100
2023-06-14,86.29000091552734,89.19000244140625,84.91999816894531,88.12000274658203,663700
2023-06-15,86.4800033569336,88.52999877929688,86.19999694824219,86.33999633789062,463700
2023-06-16,87.3499984741211,87.56999969482422,84.94000244140625,85.73999786376953,805500
2023-06-20,84.91999816894531,85.83000183105469,82.33999633789062,82.37000274658203,572900
2023-06-21,81.4800033569336,81.62999725341797,79.12999725341797,79.94999694824219,496500
2023-06-22,76.4000015258789,80.37999725341797,75.58000183105469,79.94000244140625,517600
2023-06-23,78.30999755859375,79.2699966430664,77.83000183105469,78.4000015258789,707300
2023-06-26,78.72000122070312,79.94000244140625,78.69999694824219,78.76000213623047,261700
2023-06-27,79.0,81.73999786376953,78.0999984741211,81.6500015258789,324500
2023-06-28,80.58000183105469,81.48999786376953,80.04000091552734,81.23999786376953,398800
2023-06-29,81.23999786376953,82.69999694824219,80.6500015258789,82.68000030517578,334600
2023-06-30,83.77999877929688,83.97000122070312,82.94999694824219,83.66999816894531,300800
2023-07-03,83.98999786376953,85.08999633789062,82.5999984741211,85.01000213623047,148500
2023-07-05,84.72000122070312,84.72000122070312,82.25,82.25,277500
2023-07-06,80.6500015258789,81.12999725341797,79.0999984741211,80.19999694824219,241800
2023-07-07,80.33000183105469,82.70999908447266,80.33000183105469,80.98999786376953,244300
2023-07-10,80.9800033569336,82.93000030517578,80.7699966430664,81.91999816894531,354900
2023-07-11,82.0199966430664,82.43000030517578,78.87999725341797,80.69000244140625,344300
2023-07-12,82.08999633789062,84.45999908447266,81.7300033569336,83.8499984741211,285500
2023-07-13,84.55000305175781,84.86000061035156,83.77999877929688,84.19000244140625,272300
2023-07-14,84.30999755859375,84.69999694824219,80.97000122070312,82.01000213623047,416600
2023-07-17,81.83999633789062,82.80999755859375,80.7300033569336,82.22000122070312,310100
2023-07-18,82.06999969482422,83.9000015258789,81.12000274658203,83.41000366210938,340400
2023-07-19,83.62000274658203,84.5999984741211,81.83999633789062,83.31999969482422,478200
2023-07-20,82.9000015258789,83.68000030517578,79.2300033569336,79.80999755859375,463600
2023-07-21,80.8499984741211,81.6500015258789,78.94000244140625,79.05000305175781,434100
2023-07-24,79.19999694824219,80.0199966430664,78.36000061035156,79.06999969482422,289000
2023-07-25,79.97000122070312,82.0999984741211,79.72000122070312,81.7300033569336,374500
2023-07-26,80.6500015258789,81.62999725341797,79.58000183105469,80.72000122070312,313800
2023-07-27,82.69000244140625,82.83000183105469,79.3499984741211,79.7699966430664,294600
2023-07-28,81.11000061035156,81.4800033569336,79.87999725341797,80.93000030517578,637600
2023-07-31,81.18000030517578,83.97000122070312,81.18000030517578,83.41999816894531,534800
2023-08-01,82.41999816894531,84.72000122070312,81.76000213623047,84.01000213623047,313300
2023-08-02,82.7300033569336,82.7300033569336,76.8499984741211,77.06999969482422,723900
2023-08-03,76.0,77.83000183105469,75.86000061035156,76.69999694824219,364700
2023-08-04,76.26000213623047,78.30999755859375,75.58000183105469,76.18000030517578,411900
2023-08-07,76.79000091552734,76.79000091552734,74.72000122070312,76.41999816894531,405600
2023-08-08,74.83999633789062,74.83999633789062,73.08000183105469,74.43000030517578,317400
2023-08-09,74.33999633789062,74.88999938964844,73.01000213623047,73.95999908447266,279100
2023-08-10,74.0199966430664,74.91000366210938,72.41000366210938,72.94000244140625,397200
2023-08-11,72.0,72.76000213623047,71.23999786376953,71.88999938964844,273900
2023-08-14,70.37000274658203,72.88999938964844,70.37000274658203,72.77999877929688,246400
2023-08-15,72.12000274658203,72.47000122070312,71.18000030517578,71.18000030517578,168300
2023-08-16,70.9800033569336,70.98999786376953,69.54000091552734,69.5999984741211,378700
2023-08-17,69.98999786376953,69.98999786376953,68.30999755859375,68.61000061035156,350400
2023-08-18,67.79000091552734,68.77999877929688,67.19000244140625,68.19000244140625,325900
2023-08-21,68.19000244140625,70.0999984741211,68.05000305175781,69.55999755859375,356300
2023-08-22,70.37999725341797,70.69999694824219,68.48999786376953,69.19000244140625,376800
2023-08-23,69.18000030517578,72.05999755859375,69.12000274658203,71.73999786376953,348100
2023-08-24,72.70999908447266,72.73999786376953,68.98999786376953,69.26000213623047,300600
2023-08-25,69.41000366210938,70.62000274658203,68.13999938964844,70.08000183105469,514900
2023-08-28,70.91999816894531,72.58000183105469,70.29000091552734,72.52999877929688,377100
2023-08-29,72.79000091552734,76.36000061035156,72.3499984741211,75.77999877929688,1912100
2023-08-30,58.5,63.20000076293945,57.20000076293945,60.34000015258789,8068000
2023-08-31,60.209999084472656,63.91999816894531,60.20000076293945,62.150001525878906,2382800
2023-09-01,62.2400016784668,64.05000305175781,62.029998779296875,63.72999954223633,926600
2023-09-05,63.5,64.5199966430664,62.83000183105469,63.970001220703125,702900
2023-09-06,63.66999816894531,64.41000366210938,62.08000183105469,62.27000045776367,554000
2023-09-07,60.599998474121094,60.77000045776367,58.70000076293945,60.40999984741211,663300
2023-09-08,60.380001068115234,60.900001525878906,59.689998626708984,59.88999938964844,453800
2023-09-11,60.959999084472656,60.959999084472656,59.189998626708984,59.83000183105469,504000
2023-09-12,59.220001220703125,59.83000183105469,58.02000045776367,58.150001525878906,578700
2023-09-13,58.209999084472656,58.83000183105469,57.40999984741211,57.529998779296875,503600
2023-09-14,57.849998474121094,58.75,57.290000915527344,58.599998474121094,375000
2023-09-15,58.189998626708984,58.189998626708984,56.75,57.11000061035156,1329700
2023-09-18,56.709999084472656,57.939998626708984,56.5,57.900001525878906,620700
2023-09-19,57.56999969482422,57.75,55.869998931884766,56.45000076293945,522600
2023-09-20,56.93000030517578,56.93000030517578,54.689998626708984,54.709999084472656,543000
2023-09-21,53.77000045776367,54.400001525878906,52.599998474121094,52.650001525878906,613000
2023-09-22,53.380001068115234,53.380001068115234,52.369998931884766,52.5,353500
2023-09-25,52.040000915527344,52.810001373291016,51.5,52.0,376100
2023-09-26,51.560001373291016,51.810001373291016,50.880001068115234,51.16999816894531,380600
2023-09-27,51.619998931884766,51.959999084472656,50.290000915527344,50.779998779296875,510700
2023-09-28,50.88999938964844,52.43000030517578,50.59000015258789,52.040000915527344,402300
2023-09-29,52.7400016784668,53.529998779296875,52.5099983215332,53.029998779296875,418900
2023-10-02,52.91999816894531,53.22999954223633,52.060001373291016,52.630001068115234,264700
2023-10-03,52.18000030517578,53.0,51.61000061035156,51.9900016784668,348900
2023-10-04,52.130001068115234,52.90999984741211,51.29999923706055,52.68000030517578,241700
2023-10-05,52.61000061035156,52.68000030517578,51.540000915527344,52.040000915527344,327200
2023-10-06,51.650001525878906,53.619998931884766,51.349998474121094,53.400001525878906,339800
2023-10-09,52.9900016784668,53.540000915527344,52.310001373291016,53.540000915527344,303600
2023-10-10,53.650001525878906,55.970001220703125,53.5,55.16999816894531,417900
2023-10-11,55.349998474121094,55.72999954223633,54.380001068115234,54.959999084472656,234800
2023-10-12,54.97999954223633,55.40999984741211,53.900001525878906,54.27000045776367,267500
2023-10-13,54.2599983215332,54.2599983215332,52.439998626708984,52.849998474121094,380200
2023-10-16,53.2400016784668,54.65999984741211,53.220001220703125,53.70000076293945,299500
2023-10-17,52.58000183105469,53.7400016784668,52.04999923706055,52.52000045776367,468300
2023-10-18,51.2400016784668,52.58000183105469,50.779998779296875,51.54999923706055,371800
2023-10-19,52.08000183105469,52.08000183105469,49.7400016784668,50.20000076293945,321600
2023-10-20,50.099998474121094,50.40999984741211,49.349998474121094,49.900001525878906,439000
2023-10-23,49.45000076293945,49.459999084472656,48.290000915527344,48.40999984741211,348500
2023-10-24,48.88999938964844,49.310001373291016,47.650001525878906,48.34000015258789,551300
2023-10-25,47.54999923706055,47.56999969482422,45.689998626708984,46.06999969482422,582300
2023-10-26,46.400001525878906,47.15999984741211,45.36000061035156,46.59000015258789,666500
2023-10-27,47.25,47.29999923706055,46.130001068115234,46.790000915527344,481400
2023-10-30,46.529998779296875,46.61000061035156,44.68000030517578,44.900001525878906,369300
2023-10-31,44.880001068115234,45.83000183105469,44.18000030517578,44.9900016784668,692000
2023-11-01,44.7400016784668,45.209999084472656,43.59000015258789,45.15999984741211,649800
2023-11-02,46.4900016784668,47.56999969482422,45.560001373291016,46.90999984741211,335300
2023-11-03,47.72999954223633,50.7599983215332,47.72999954223633,50.15999984741211,550200
2023-11-06,50.15999984741211,50.31999969482422,48.97999954223633,49.36000061035156,314600
2023-11-07,49.040000915527344,50.5099983215332,49.040000915527344,49.939998626708984,365400
2023-11-08,49.97999954223633,50.2400016784668,49.04999923706055,49.56999969482422,284800
2023-11-09,50.0,50.209999084472656,47.900001525878906,48.099998474121094,367600
2023-11-10,49.040000915527344,50.560001373291016,48.15999984741211,50.20000076293945,436900
2023-11-13,49.400001525878906,50.33000183105469,48.939998626708984,50.18000030517578,317400
2023-11-14,51.66999816894531,53.66999816894531,51.66999816894531,53.599998474121094,517300
2023-11-15,54.02000045776367,55.7400016784668,53.70000076293945,53.790000915527344,506100
2023-11-16,53.150001525878906,53.369998931884766,51.150001525878906,52.56999969482422,876900
2023-11-17,53.099998474121094,54.099998474121094,52.029998779296875,54.06999969482422,417900
2023-11-20,54.34000015258789,55.970001220703125,54.119998931884766,55.720001220703125,423500
2023-11-21,55.119998931884766,55.31999969482422,53.849998474121094,54.75,730200
2023-11-22,55.41999816894531,56.2400016784668,54.939998626708984,55.11000061035156,498900
2023-11-24,54.95000076293945,55.90999984741211,54.68000030517578,55.81999969482422,176300
2023-11-27,55.40999984741211,55.779998779296875,54.4900016784668,55.2400016784668,361000
2023-11-28,55.25,56.15999984741211,54.7599983215332,55.279998779296875,415100
2023-11-29,56.150001525878906,57.959999084472656,55.68000030517578,57.34000015258789,652000
2023-11-30,58.40999984741211,58.810001373291016,56.5099983215332,58.709999084472656,1414900
2023-12-01,60.75,62.2599983215332,56.529998779296875,58.5099983215332,1576800
2023-12-04,58.060001373291016,58.220001220703125,56.310001373291016,58.20000076293945,564800
2023-12-05,57.59000015258789,57.810001373291016,56.369998931884766,56.689998626708984,442000
2023-12-06,57.7400016784668,59.70000076293945,57.02000045776367,57.099998474121094,444600
2023-12-07,57.459999084472656,58.08000183105469,57.02000045776367,57.209999084472656,308100
2023-12-08,56.83000183105469,58.33000183105469,56.83000183105469,57.81999969482422,1412200
2023-12-11,58.27000045776367,62.06999969482422,58.09000015258789,61.439998626708984,574500
2023-12-12,61.5,61.900001525878906,60.68000030517578,60.869998931884766,381000
2023-12-13,61.0,62.20000076293945,59.7599983215332,61.79999923706055,701800
2023-12-14,62.83000183105469,64.94999694824219,62.81999969482422,64.02999877929688,899300
2023-12-15,64.68000030517578,65.37000274658203,63.65999984741211,64.06999969482422,1506200
2023-12-18,64.08999633789062,64.08999633789062,62.34000015258789,62.5,940900
2023-12-19,62.939998626708984,63.880001068115234,62.560001373291016,63.150001525878906,832400
2023-12-20,62.540000915527344,63.650001525878906,61.31999969482422,61.369998931884766,555900
2023-12-21,62.540000915527344,63.0,61.849998474121094,62.709999084472656,371300
2023-12-22,63.099998474121094,63.619998931884766,62.5099983215332,62.65999984741211,472000
2023-12-26,63.13999938964844,63.7599983215332,62.720001220703125,63.130001068115234,267900
2023-12-27,63.599998474121094,63.599998474121094,62.279998779296875,62.709999084472656,225800
2023-12-28,62.52000045776367,63.0,62.13999938964844,62.459999084472656,590700
2023-12-29,62.209999084472656,62.61000061035156,61.040000915527344,61.290000915527344,301000
